{"cameraMode":{"drawMode":0,"name":"Shaded","section":"Shading Mode"},"sceneLighting":false,"audioPlay":false,"sceneViewState":{"m_AlwaysRefresh":false,"showFog":true,"showSkybox":true,"showFlares":true,"showImageEffects":true,"showParticleSystems":true,"showVisualEffectGraphs":true,"m_FxEnabled":true},"in2DMode":false,"pivot":{"x":365.79168701171877,"y":28.10985565185547,"z":307.8858947753906},"rotation":{"x":-0.37568941712379458,"y":-0.09510532021522522,"z":0.038801804184913638,"w":-0.9210038185119629},"size":10.02280044555664,"orthographic":false}